code,name,board
AALI,Astra Agro Lestari Tbk.,Utama
ABMM,ABM Investama Tbk.,Utama
ACES,Aspirasi Hidup Indonesia Tbk.,Utama
ACST,Acset Indonusa Tbk.,Pengembangan
ADES,Akasha Wira International Tbk.,Pengembangan
ADHI,Adhi Karya (Persero) Tbk.,Utama
ADMF,Adira Dinamika Multi Finance T,Pengembangan
ADMG,Polychem Indonesia Tbk,Pengembangan
ADRO,Alamtri Resources Indonesia Tb,Utama
AGII,Samator Indo Gas Tbk.,Pengembangan
AGRO,Bank Raya Indonesia Tbk.,Utama
AGRS,Bank IBK Indonesia Tbk.,Pengembangan
AHAP,Asuransi Harta Aman Pratama Tb,Pengembangan
AIMS,Artha Mahiya Investama Tbk.,Pengembangan
AISA,FKS Food Sejahtera Tbk.,Utama
AKPI,Argha Karya Prima Industry Tbk,Pengembangan
AKRA,AKR Corporindo Tbk.,Utama
AKSI,Mineral Sumberdaya Mandiri Tbk,Pengembangan
ALDO,Alkindo Naratama Tbk.,Pengembangan
ALKA,Alakasa Industrindo Tbk,Pengembangan
AMAG,Asuransi Multi Artha Guna Tbk.,Pengembangan
AMFG,Asahimas Flat Glass Tbk.,Utama
AMIN,Ateliers Mecaniques D Indonesi,Pengembangan
AMRT,Sumber Alfaria Trijaya Tbk.,Utama
ANJT,Austindo Nusantara Jaya Tbk.,Pengembangan
ANTM,Aneka Tambang Tbk.,Utama
APEX,Apexindo Pratama Duta Tbk.,Pengembangan
APIC,Pacific Strategic Financial Tb,Pengembangan
APII,Arita Prima Indonesia Tbk.,Pengembangan
APLI,Asiaplast Industries Tbk.,Pengembangan
APLN,Agung Podomoro Land Tbk.,Utama
ARGO,Argo Pantes Tbk,Pengembangan
ARII,Atlas Resources Tbk.,Pengembangan
ARNA,Arwana Citramulia Tbk.,Utama
ARTA,Arthavest Tbk,Pengembangan
ARTO,Bank Jago Tbk.,Utama
ASBI,Asuransi Bintang Tbk.,Pengembangan
ASDM,Asuransi Dayin Mitra Tbk.,Pengembangan
ASGR,Astra Graphia Tbk.,Utama
ASII,Astra International Tbk.,Utama
ASJT,Asuransi Jasa Tania Tbk.,Pengembangan
ASRI,Alam Sutera Realty Tbk.,Utama
ASRM,Asuransi Ramayana Tbk.,Pengembangan
ASSA,Adi Sarana Armada Tbk.,Utama
ATIC,Anabatic Technologies Tbk.,Pengembangan
AUTO,Astra Otoparts Tbk.,Utama
BABP,Bank MNC Internasional Tbk.,Pengembangan
BACA,Bank Capital Indonesia Tbk.,Utama
BAJA,Saranacentral Bajatama Tbk.,Pengembangan
BALI,Bali Towerindo Sentra Tbk.,Utama
BAPA,Bekasi Asri Pemula Tbk.,Pengembangan
BATA,Sepatu Bata Tbk.,Pengembangan
BAYU,Bayu Buana Tbk,Pengembangan
BBCA,Bank Central Asia Tbk.,Utama
BBHI,Allo Bank Indonesia Tbk.,Utama
BBKP,Bank KB Bukopin Tbk.,Utama
BBLD,Buana Finance Tbk.,Pengembangan
BBMD,Bank Mestika Dharma Tbk.,Pengembangan
BBNI,Bank Negara Indonesia (Persero,Utama
BBRI,Bank Rakyat Indonesia (Persero,Utama
BBRM,Pelayaran Nasional Bina Buana ,Pengembangan
BBTN,Bank Tabungan Negara (Persero),Utama
BBYB,Bank Neo Commerce Tbk.,Utama
BCAP,MNC Kapital Indonesia Tbk.,Utama
BCIC,Bank JTrust Indonesia Tbk.,Pengembangan
BCIP,Bumi Citra Permai Tbk.,Pengembangan
BDMN,Bank Danamon Indonesia Tbk.,Utama
BEST,Bekasi Fajar Industrial Estate,Utama
BFIN,BFI Finance  Indonesia Tbk.,Utama
BGTG,Bank Ganesha Tbk.,Pengembangan
BIMA,Primarindo Asia Infrastructure,Pengembangan
BINA,Bank Ina Perdana Tbk.,Utama
BIPI,Astrindo Nusantara Infrastrukt,Pengembangan
BIRD,Blue Bird Tbk.,Utama
BISI,BISI International Tbk.,Utama
BJBR,Bank Pembangunan Daerah Jawa B,Utama
BJTM,Bank Pembangunan Daerah Jawa T,Utama
BKSW,Bank QNB Indonesia Tbk.,Pengembangan
BMRI,Bank Mandiri (Persero) Tbk.,Utama
BMSR,Bintang Mitra Semestaraya Tbk,Pengembangan
BMTR,Global Mediacom Tbk.,Utama
BNBA,Bank Bumi Arta Tbk.,Pengembangan
BNGA,Bank CIMB Niaga Tbk.,Utama
BNII,Bank Maybank Indonesia Tbk.,Utama
BNLI,Bank Permata Tbk.,Pengembangan
BOLT,Garuda Metalindo Tbk.,Pengembangan
BPFI,Woori Finance Indonesia Tbk.,Pengembangan
BPII,Batavia Prosperindo Internasio,Pengembangan
BRAM,Indo Kordsa Tbk.,Pengembangan
BRMS,Bumi Resources Minerals Tbk.,Utama
BRNA,Berlina Tbk.,Pengembangan
BRPT,Barito Pacific Tbk.,Utama
BSDE,Bumi Serpong Damai Tbk.,Utama
BSIM,Bank Sinarmas Tbk.,Utama
BSSR,Baramulti Suksessarana Tbk.,Pengembangan
BSWD,Bank Of India Indonesia Tbk.,Pengembangan
BTPN,Bank SMBC Indonesia Tbk.,Utama
BUDI,Budi Starch & Sweetener Tbk.,Utama
BUKK,Bukaka Teknik Utama Tbk.,Pengembangan
BULL,Buana Lintas Lautan Tbk.,Pengembangan
BUMI,Bumi Resources Tbk.,Utama
BUVA,Bukit Uluwatu Villa Tbk.,Pengembangan
BVIC,Bank Victoria International Tb,Utama
BWPT,Eagle High Plantations Tbk.,Utama
BYAN,Bayan Resources Tbk.,Utama
CASS,Cardig Aero Services Tbk.,Utama
CEKA,Wilmar Cahaya Indonesia Tbk.,Pengembangan
CFIN,Clipan Finance Indonesia Tbk.,Utama
CINT,Chitose Internasional Tbk.,Pengembangan
CITA,Cita Mineral Investindo Tbk.,Pengembangan
CLPI,Colorpak Indonesia Tbk.,Pengembangan
CMNP,Citra Marga Nusaphala Persada ,Utama
CPIN,Charoen Pokphand Indonesia Tbk,Utama
CPRO,Central Proteina Prima Tbk.,Pengembangan
CSAP,Catur Sentosa Adiprana Tbk.,Pengembangan
CTRA,Ciputra Development Tbk.,Utama
DART,Duta Anggada Realty Tbk.,Pengembangan
DEWA,Darma Henwa Tbk,Utama
DGIK,Nusa Konstruksi Enjiniring Tbk,Pengembangan
DILD,Intiland Development Tbk.,Utama
DKFT,Central Omega Resources Tbk.,Pengembangan
DLTA,Delta Djakarta Tbk.,Utama
DMAS,Puradelta Lestari Tbk.,Utama
DNAR,Bank Oke Indonesia Tbk.,Pengembangan
DNET,Indoritel Makmur Internasional,Pengembangan
DOID,Delta Dunia Makmur Tbk.,Utama
DPNS,Duta Pertiwi Nusantara Tbk.,Pengembangan
DSFI,Dharma Samudera Fishing Indust,Pengembangan
DSNG,Dharma Satya Nusantara Tbk.,Utama
DSSA,Dian Swastatika Sentosa Tbk,Utama
DVLA,Darya-Varia Laboratoria Tbk.,Pengembangan
DYAN,Dyandra Media International Tb,Pengembangan
ECII,Electronic City Indonesia Tbk.,Pengembangan
EKAD,Ekadharma International Tbk.,Pengembangan
ELSA,Elnusa Tbk.,Utama
EMDE,Megapolitan Developments Tbk.,Pengembangan
EMTK,Elang Mahkota Teknologi Tbk.,Utama
ENRG,Energi Mega Persada Tbk.,Utama
EPMT,Enseval Putera Megatrading Tbk,Pengembangan
ERAA,Erajaya Swasembada Tbk.,Utama
ERTX,Eratex Djaja Tbk.,Pengembangan
ESSA,ESSA Industries Indonesia Tbk.,Utama
EXCL,XL Axiata Tbk.,Utama
FAST,Fast Food Indonesia Tbk.,Pengembangan
FMII,Fortune Mate Indonesia Tbk,Pengembangan
FORU,Fortune Indonesia Tbk,Pengembangan
FPNI,Lotte Chemical Titan Tbk.,Pengembangan
GDYR,Goodyear Indonesia Tbk.,Pengembangan
GEMA,Gema Grahasarana Tbk.,Pengembangan
GEMS,Golden Energy Mines Tbk.,Utama
GGRM,Gudang Garam Tbk.,Utama
GJTL,Gajah Tunggal Tbk.,Utama
GMTD,Gowa Makassar Tourism Developm,Pengembangan
GOLD,Visi Telekomunikasi Infrastruk,Pengembangan
GPRA,Perdana Gapuraprima Tbk.,Pengembangan
GSMF,Equity Development Investment ,Pengembangan
GTBO,Garda Tujuh Buana Tbk,Pengembangan
GWSA,Greenwood Sejahtera Tbk.,Pengembangan
GZCO,Gozco Plantations Tbk.,Pengembangan
HDFA,Radana Bhaskara Finance Tbk.,Pengembangan
HERO,DFI Retail Nusantara Tbk.,Pengembangan
HEXA,Hexindo Adiperkasa Tbk.,Utama
HITS,Humpuss Intermoda Transportasi,Utama
HMSP,H.M. Sampoerna Tbk.,Pengembangan
HRUM,Harum Energy Tbk.,Utama
ICBP,Indofood CBP Sukses Makmur Tbk,Utama
IGAR,Champion Pacific Indonesia Tbk,Pengembangan
IKBI,Sumi Indo Kabel Tbk.,Pengembangan
IMAS,Indomobil Sukses Internasional,Utama
IMJS,Indomobil Multi Jasa Tbk.,Pengembangan
IMPC,Impack Pratama Industri Tbk.,Utama
INAI,Indal Aluminium Industry Tbk.,Pengembangan
INCI,Intanwijaya Internasional Tbk,Pengembangan
INCO,Vale Indonesia Tbk.,Utama
INDF,Indofood Sukses Makmur Tbk.,Utama
INDR,Indo-Rama Synthetics Tbk.,Pengembangan
INDS,Indospring Tbk.,Pengembangan
INDX,Tanah Laut Tbk,Pengembangan
INDY,Indika Energy Tbk.,Utama
INKP,Indah Kiat Pulp & Paper Tbk.,Utama
INPC,Bank Artha Graha Internasional,Utama
INPP,Indonesian Paradise Property T,Pengembangan
INRU,Toba Pulp Lestari Tbk.,Pengembangan
INTD,Inter Delta Tbk,Pengembangan
INTP,Indocement Tunggal Prakarsa Tb,Utama
IPOL,Indopoly Swakarsa Industry Tbk,Pengembangan
ISAT,Indosat Tbk.,Utama
ISSP,Steel Pipe Industry of Indones,Utama
ITMA,Sumber Energi Andalan Tbk.,Pengembangan
ITMG,Indo Tambangraya Megah Tbk.,Utama
JAWA,Jaya Agra Wattie Tbk.,Pengembangan
JECC,Jembo Cable Company Tbk.,Pengembangan
JIHD,Jakarta International Hotels &,Pengembangan
JKON,Jaya Konstruksi Manggala Prata,Utama
JPFA,Japfa Comfeed Indonesia Tbk.,Utama
JRPT,Jaya Real Property Tbk.,Pengembangan
JSMR,Jasa Marga (Persero) Tbk.,Utama
JSPT,Jakarta Setiabudi Internasiona,Pengembangan
JTPE,Jasuindo Tiga Perkasa Tbk.,Utama
KAEF,Kimia Farma Tbk.,Pengembangan
KBLI,KMI Wire & Cable Tbk.,Utama
KBLM,Kabelindo Murni Tbk.,Pengembangan
KDSI,Kedawung Setia Industrial Tbk.,Pengembangan
KICI,Kedaung Indah Can Tbk,Pengembangan
KIJA,Kawasan Industri Jababeka Tbk.,Utama
KKGI,Resource Alam Indonesia Tbk.,Utama
KLBF,Kalbe Farma Tbk.,Utama
KOBX,Kobexindo Tractors Tbk.,Pengembangan
KONI,Perdana Bangun Pusaka Tbk,Pengembangan
KOPI,Mitra Energi Persada Tbk.,Pengembangan
KPIG,MNC Land Tbk.,Pengembangan
KRAS,Krakatau Steel (Persero) Tbk.,Pengembangan
LEAD,Logindo Samudramakmur Tbk.,Pengembangan
LION,Lion Metal Works Tbk.,Utama
LMPI,Langgeng Makmur Industri Tbk.,Pengembangan
LPCK,Lippo Cikarang Tbk,Utama
LPIN,Multi Prima Sejahtera Tbk,Pengembangan
LPKR,Lippo Karawaci Tbk.,Utama
LPLI,Star Pacific Tbk,Pengembangan
LPPF,Matahari Department Store Tbk.,Utama
LPPS,Lenox Pasifik Investama Tbk.,Pengembangan
LRNA,Eka Sari Lorena Transport Tbk.,Pengembangan
LSIP,PP London Sumatra Indonesia Tb,Utama
LTLS,Lautan Luas Tbk.,Utama
MAIN,Malindo Feedmill Tbk.,Utama
MAPI,Mitra Adiperkasa Tbk.,Utama
MASA,Multistrada Arah Sarana Tbk.,Pengembangan
MAYA,Bank Mayapada Internasional Tb,Utama
MBAP,Mitrabara Adiperdana Tbk.,Pengembangan
MBSS,Mitrabahtera Segara Sejati Tbk,Utama
MBTO,Martina Berto Tbk.,Pengembangan
MCOR,Bank China Construction Bank I,Utama
MDKA,Merdeka Copper Gold Tbk.,Utama
MDLN,Modernland Realty Tbk.,Utama
MEDC,Medco Energi Internasional Tbk,Utama
MEGA,Bank Mega Tbk.,Utama
MERK,Merck Tbk.,Pengembangan
MFIN,Mandala Multifinance Tbk.,Utama
MICE,Multi Indocitra Tbk.,Pengembangan
MIDI,Midi Utama Indonesia Tbk.,Pengembangan
MIKA,Mitra Keluarga Karyasehat Tbk.,Utama
MITI,Mitra Investindo Tbk.,Pengembangan
MKPI,Metropolitan Kentjana Tbk.,Pengembangan
MLBI,Multi Bintang Indonesia Tbk.,Utama
MLIA,Mulia Industrindo Tbk,Utama
MLPL,Multipolar Tbk.,Utama
MLPT,Multipolar Technology Tbk.,Pengembangan
MMLP,Mega Manunggal Property Tbk.,Utama
MNCN,Media Nusantara Citra Tbk.,Utama
MPMX,Mitra Pinasthika Mustika Tbk.,Utama
MPPA,Matahari Putra Prima Tbk.,Utama
MRAT,Mustika Ratu Tbk.,Pengembangan
MREI,Maskapai Reasuransi Indonesia ,Pengembangan
MSKY,MNC Sky Vision Tbk.,Pengembangan
MTDL,Metrodata Electronics Tbk.,Utama
MTLA,Metropolitan Land Tbk.,Utama
MYOH,Samindo Resources Tbk.,Utama
MYOR,Mayora Indah Tbk.,Utama
NELY,Pelayaran Nelly Dwi Putri Tbk.,Pengembangan
NIKL,Pelat Timah Nusantara Tbk.,Pengembangan
NIRO,City Retail Developments Tbk.,Pengembangan
NISP,Bank OCBC NISP Tbk.,Utama
NOBU,Bank Nationalnobu Tbk.,Pengembangan
NRCA,Nusa Raya Cipta Tbk.,Pengembangan
OKAS,Ancora Indonesia Resources Tbk,Pengembangan
PALM,Provident Investasi Bersama Tb,Pengembangan
PANR,Panorama Sentrawisata Tbk.,Utama
PANS,Panin Sekuritas Tbk.,Utama
PDES,Destinasi Tirta Nusantara Tbk,Pengembangan
PEGE,Panca Global Kapital Tbk.,Pengembangan
PGAS,Perusahaan Gas Negara Tbk.,Utama
PGLI,Pembangunan Graha Lestari Inda,Pengembangan
PICO,Pelangi Indah Canindo Tbk,Pengembangan
PJAA,Pembangunan Jaya Ancol Tbk.,Pengembangan
PKPK,Perdana Karya Perkasa Tbk,Pengembangan
PNBN,Bank Pan Indonesia Tbk,Utama
PNBS,Bank Panin Dubai Syariah Tbk.,Pengembangan
PNIN,Paninvest Tbk.,Utama
PNLF,Panin Financial Tbk.,Utama
PNSE,Pudjiadi & Sons Tbk.,Pengembangan
PSAB,J Resources Asia Pasifik Tbk.,Pengembangan
PSDN,Prasidha Aneka Niaga Tbk,Pengembangan
PTBA,Bukit Asam Tbk.,Utama
PTIS,Indo Straits Tbk.,Pengembangan
PTPP,PP (Persero) Tbk.,Utama
PTRO,Petrosea Tbk.,Utama
PTSN,Sat Nusapersada Tbk,Pengembangan
PTSP,Pioneerindo Gourmet Internatio,Pengembangan
PUDP,Pudjiadi Prestige Tbk.,Utama
PWON,Pakuwon Jati Tbk.,Utama
PYFA,Pyridam Farma Tbk,Pengembangan
RAJA,Rukun Raharja Tbk.,Utama
RALS,Ramayana Lestari Sentosa Tbk.,Utama
RANC,Supra Boga Lestari Tbk.,Pengembangan
RDTX,Roda Vivatex Tbk,Pengembangan
RELI,Reliance Sekuritas Indonesia T,Pengembangan
RICY,Ricky Putra Globalindo Tbk,Pengembangan
RIGS,Rig Tenders Indonesia Tbk.,Pengembangan
ROTI,Nippon Indosari Corpindo Tbk.,Pengembangan
RUIS,Radiant Utama Interinsco Tbk.,Pengembangan
SAFE,Steady Safe Tbk,Pengembangan
SAME,Sarana Meditama Metropolitan T,Utama
SCCO,Supreme Cable Manufacturing & ,Pengembangan
SCMA,Surya Citra Media Tbk.,Utama
SDPC,Millennium Pharmacon Internati,Pengembangan
SDRA,Bank Woori Saudara Indonesia 1,Utama
SGRO,Sampoerna Agro Tbk.,Utama
SHID,Hotel Sahid Jaya International,Pengembangan
SIDO,Industri Jamu dan Farmasi Sido,Utama
SILO,Siloam International Hospitals,Utama
SIMP,Salim Ivomas Pratama Tbk.,Utama
SIPD,Sreeya Sewu Indonesia Tbk.,Pengembangan
SKBM,Sekar Bumi Tbk.,Pengembangan
SKLT,Sekar Laut Tbk.,Pengembangan
SMAR,Smart Tbk.,Pengembangan
SMBR,Semen Baturaja Tbk.,Utama
SMDM,Suryamas Dutamakmur Tbk.,Pengembangan
SMDR,Samudera Indonesia  Tbk.,Utama
SMGR,Semen Indonesia (Persero) Tbk.,Utama
SMMA,Sinarmas Multiartha Tbk.,Utama
SMRA,Summarecon Agung Tbk.,Utama
SMSM,Selamat Sempurna Tbk.,Utama
SOCI,Soechi Lines Tbk.,Utama
SONA,Sona Topas Tourism Industry Tb,Pengembangan
SPMA,Suparma Tbk.,Pengembangan
SRAJ,Sejahteraraya Anugrahjaya Tbk.,Utama
SRSN,Indo Acidatama Tbk,Pengembangan
SRTG,Saratoga Investama Sedaya Tbk.,Utama
SSIA,Surya Semesta Internusa Tbk.,Utama
SSMS,Sawit Sumbermas Sarana Tbk.,Utama
SSTM,Sunson Textile Manufacture Tbk,Pengembangan
STAR,Buana Artha Anugerah Tbk.,Pengembangan
STTP,Siantar Top Tbk.,Pengembangan
SULI,SLJ Global Tbk.,Pengembangan
TALF,Tunas Alfin Tbk.,Pengembangan
TBIG,Tower Bersama Infrastructure T,Utama
TBLA,Tunas Baru Lampung Tbk.,Utama
TBMS,Tembaga Mulia Semanan Tbk.,Pengembangan
TCID,Mandom Indonesia Tbk.,Pengembangan
TGKA,Tigaraksa Satria Tbk.,Pengembangan
TINS,Timah Tbk.,Utama
TIRA,Tira Austenite Tbk,Pengembangan
TKIM,Pabrik Kertas Tjiwi Kimia Tbk.,Utama
TLKM,Telkom Indonesia (Persero) Tbk,Utama
TMAS,Temas Tbk.,Utama
TMPO,Tempo Intimedia Tbk.,Pengembangan
TOBA,TBS Energi Utama Tbk.,Utama
TOTL,Total Bangun Persada Tbk.,Utama
TOTO,Surya Toto Indonesia Tbk.,Pengembangan
TOWR,Sarana Menara Nusantara Tbk.,Utama
TPIA,Chandra Asri Pacific Tbk.,Pengembangan
TPMA,Trans Power Marine Tbk.,Utama
TRIM,Trimegah Sekuritas Indonesia T,Utama
TRIS,Trisula International Tbk.,Pengembangan
TRST,Trias Sentosa Tbk.,Pengembangan
TRUS,Trust Finance Indonesia Tbk,Pengembangan
TSPC,Tempo Scan Pacific Tbk.,Utama
ULTJ,Ultrajaya Milk Industry & Trad,Utama
UNIC,Unggul Indah Cahaya Tbk.,Utama
UNIT,Nusantara Inti Corpora Tbk,Pengembangan
UNTR,United Tractors Tbk.,Utama
UNVR,Unilever Indonesia Tbk.,Utama
VICO,Victoria Investama Tbk.,Pengembangan
VINS,Victoria Insurance Tbk.,Pengembangan
VOKS,Voksel Electric Tbk.,Pengembangan
VRNA,Mizuho Leasing Indonesia Tbk.,Pengembangan
WAPO,Wahana Pronatural Tbk.,Pengembangan
WEHA,WEHA Transportasi Indonesia Tb,Pengembangan
WIIM,Wismilak Inti Makmur Tbk.,Utama
WIKA,Wijaya Karya (Persero) Tbk.,Pengembangan
WINS,Wintermar Offshore Marine Tbk.,Utama
WOMF,Wahana Ottomitra Multiartha Tb,Pengembangan
WTON,Wijaya Karya Beton Tbk.,Utama
YULE,Yulie Sekuritas Indonesia Tbk.,Pengembangan
ZBRA,Dosni Roha Indonesia Tbk.,Pengembangan
SHIP,Sillo Maritime Perdana Tbk.,Utama
CASA,Capital Financial Indonesia Tb,Pengembangan
DAYA,Duta Intidaya Tbk.,Pengembangan
DPUM,Dua Putra Utama Makmur Tbk.,Pengembangan
IDPR,Indonesia Pondasi Raya Tbk.,Pengembangan
KINO,Kino Indonesia Tbk.,Pengembangan
MARI,Mahaka Radio Integra Tbk.,Pengembangan
OASA,Maharaksa Biru Energi Tbk.,Pengembangan
POWR,Cikarang Listrindo Tbk.,Utama
PBSA,Paramita Bangun Sarana Tbk.,Pengembangan
PRDA,Prodia Widyahusada Tbk.,Utama
BOGA,Bintang Oto Global Tbk.,Pengembangan
BRIS,Bank Syariah Indonesia Tbk.,Utama
PORT,Nusantara Pelabuhan Handal Tbk,Pengembangan
CARS,Industri dan Perdagangan Bintr,Utama
CLEO,Sariguna Primatirta Tbk.,Utama
FIRE,Alfa Energi Investama Tbk.,Pengembangan
KMTR,Kirana Megatara Tbk.,Pengembangan
WOOD,Integra Indocabinet Tbk.,Utama
HRTA,Hartadinata Abadi Tbk.,Utama
HOKI,Buyung Poetra Sembada Tbk.,Utama
MPOW,Megapower Makmur Tbk.,Pengembangan
MARK,Mark Dynamics Indonesia Tbk.,Utama
MDKI,Emdeki Utama Tbk.,Pengembangan
KIOS,Kioson Komersial Indonesia Tbk,Pengembangan
MTWI,Malacca Trust Wuwungan Insuran,Pengembangan
MCAS,M Cash Integrasi Tbk.,Utama
PPRE,PP Presisi Tbk.,Pengembangan
WEGE,Wijaya Karya Bangunan Gedung T,Utama
PSSI,IMC Pelita Logistik Tbk.,Utama
MORA,Mora Telematika Indonesia Tbk.,Utama
DWGL,Dwi Guna Laksana Tbk.,Pengembangan
PBID,Panca Budi Idaman Tbk.,Utama
JMAS,Asuransi Jiwa Syariah Jasa Mit,Pengembangan
CAMP,Campina Ice Cream Industry Tbk,Pengembangan
IPCM,Jasa Armada Indonesia Tbk.,Pengembangan
PCAR,Prima Cakrawala Abadi Tbk.,Pengembangan
LCKM,LCK Global Kedaton Tbk.,Pengembangan
HELI,Jaya Trishindo Tbk.,Pengembangan
INPS,Indah Prakasa Sentosa Tbk.,Pengembangan
GHON,Gihon Telekomunikasi Indonesia,Pengembangan
DFAM,Dafam Property Indonesia Tbk.,Pengembangan
NICK,Charnic Capital Tbk.,Pengembangan
BTPS,Bank BTPN Syariah Tbk.,Utama
SPTO,Surya Pertiwi Tbk.,Utama
PRIM,Royal Prima Tbk.,Pengembangan
HEAL,Medikaloka Hermina Tbk.,Utama
TRUK,Guna Timur Raya Tbk.,Pengembangan
PZZA,Sarimelati Kencana Tbk.,Pengembangan
TUGU,Asuransi Tugu Pratama Indonesi,Utama
MSIN,MNC Digital Entertainment Tbk.,Utama
TNCA,Trimuda Nuansa Citra Tbk.,Pengembangan
MAPA,Map Aktif Adiperkasa Tbk.,Utama
TCPI,Transcoal Pacific Tbk.,Pengembangan
IPCC,Indonesia Kendaraan Terminal T,Utama
RISE,Jaya Sukses Makmur Sentosa Tbk,Pengembangan
BPTR,Batavia Prosperindo Trans Tbk.,Pengembangan
NFCX,NFC Indonesia Tbk.,Pengembangan
MGRO,Mahkota Group Tbk.,Pengembangan
FILM,MD Entertainment Tbk.,Utama
MOLI,Madusari Murni Indah Tbk.,Pengembangan
PANI,Pantai Indah Kapuk Dua Tbk.,Pengembangan
CITY,Natura City Developments Tbk.,Pengembangan
SAPX,Satria Antaran Prima Tbk.,Pengembangan
SURE,Super Energy Tbk.,Pengembangan
MPRO,Maha Properti Indonesia Tbk.,Pengembangan
GOOD,Garudafood Putra Putri Jaya Tb,Utama
SKRN,Superkrane Mitra Utama Tbk.,Pengembangan
CAKK,Cahayaputra Asa Keramik Tbk.,Pengembangan
SATU,Kota Satu Properti Tbk.,Pengembangan
ZONE,Mega Perintis Tbk.,Pengembangan
PEHA,Phapros Tbk.,Pengembangan
FOOD,Sentra Food Indonesia Tbk.,Pengembangan
BEEF,Estika Tata Tiara Tbk.,Pengembangan
NATO,Surya Permata Andalan Tbk.,Pengembangan
JAYA,Armada Berjaya Trans Tbk.,Pengembangan
COCO,Wahana Interfood Nusantara Tbk,Pengembangan
JAST,Jasnita Telekomindo Tbk.,Pengembangan
FITT,Hotel Fitra International Tbk.,Pengembangan
BOLA,Bali Bintang Sejahtera Tbk.,Utama
CCSI,Communication Cable Systems In,Pengembangan
SFAN,Surya Fajar Capital Tbk.,Pengembangan
POLU,Golden Flower Tbk.,Pengembangan
KJEN,Krida Jaringan Nusantara Tbk.,Pengembangan
ITIC,Indonesian Tobacco Tbk.,Pengembangan
PAMG,Bima Sakti Pertiwi Tbk.,Pengembangan
BLUE,Berkah Prima Perkasa Tbk.,Pengembangan
EAST,Eastparc Hotel Tbk.,Pengembangan
LIFE,MSIG Life Insurance Indonesia ,Pengembangan
FUJI,Fuji Finance Indonesia Tbk.,Pengembangan
INOV,Inocycle Technology Group Tbk.,Pengembangan
SMKL,Satyamitra Kemas Lestari Tbk.,Pengembangan
KEEN,Kencana Energi Lestari Tbk.,Utama
TFAS,Telefast Indonesia Tbk.,Pengembangan
OPMS,Optima Prima Metal Sinergi Tbk,Pengembangan
NZIA,Nusantara Almazia Tbk.,Pengembangan
SLIS,Gaya Abadi Sempurna Tbk.,Pengembangan
IRRA,Itama Ranoraya Tbk.,Pengembangan
DMMX,Digital Mediatama Maxima Tbk.,Pengembangan
TEBE,Dana Brata Luhur Tbk.,Utama
KEJU,Mulia Boga Raya Tbk.,Pengembangan
PSGO,Palma Serasih Tbk.,Utama
AGAR,Asia Sejahtera Mina Tbk.,Pengembangan
IFSH,Ifishdeco Tbk.,Pengembangan
IFII,Indonesia Fibreboard Industry ,Pengembangan
PMJS,Putra Mandiri Jembar Tbk.,Pengembangan
UCID,Uni-Charm Indonesia Tbk.,Utama
GLVA,Galva Technologies Tbk.,Pengembangan
PGJO,Tourindo Guide Indonesia Tbk.,Akselerasi
AMAR,Bank Amar Indonesia Tbk.,Pengembangan
CSRA,Cisadane Sawit Raya Tbk.,Pengembangan
INDO,Royalindo Investa Wijaya Tbk.,Pengembangan
AMOR,Ashmore Asset Management Indon,Pengembangan
TRIN,Perintis Triniti Properti Tbk.,Pengembangan
PTPW,Pratama Widya Tbk.,Pengembangan
AYLS,Agro Yasa Lestari Tbk.,Pengembangan
ASPI,Andalan Sakti Primaindo Tbk.,Pengembangan
ESTA,Esta Multi Usaha Tbk.,Pengembangan
BESS,Batulicin Nusantara Maritim Tb,Pengembangan
BBSS,Bumi Benowo Sukses Sejahtera T,Pengembangan
BHAT,Bhakti Multi Artha Tbk.,Pengembangan
CASH,Cashlez Worldwide Indonesia Tb,Akselerasi
TECH,Indosterling Technomedia Tbk.,Pengembangan
UANG,Pakuan Tbk.,Pengembangan
SOFA,Boston Furniture Industries Tb,Akselerasi
PPGL,Prima Globalindo Logistik Tbk.,Akselerasi
SGER,Sumber Global Energy Tbk.,Pengembangan
TRJA,Transkon Jaya Tbk.,Pengembangan
PNGO,Pinago Utama Tbk.,Pengembangan
SCNP,Selaras Citra Nusantara Perkas,Pengembangan
BBSI,Krom Bank Indonesia Tbk.,Pengembangan
KMDS,Kurniamitra Duta Sentosa Tbk.,Pengembangan
PURI,Puri Global Sukses Tbk.,Pengembangan
SOHO,Soho Global Health Tbk.,Pengembangan
HOMI,Grand House Mulia Tbk.,Pengembangan
PLAN,Planet Properindo Jaya Tbk.,Akselerasi
VICI,Victoria Care Indonesia Tbk.,Utama
PMMP,Panca Mitra Multiperdana Tbk.,Pengembangan
WIFI,Solusi Sinergi Digital Tbk.,Pengembangan
FAPA,FAP Agri Tbk.,Pengembangan
DCII,DCI Indonesia Tbk.,Pengembangan
KETR,Ketrosden Triasmitra Tbk.,Pengembangan
DGNS,Diagnos Laboratorium Utama Tbk,Pengembangan
UFOE,Damai Sejahtera Abadi Tbk.,Pengembangan
BANK,Bank Aladin Syariah Tbk.,Utama
EDGE,Indointernet Tbk.,Pengembangan
UNIQ,Ulima Nitra Tbk.,Utama
SNLK,Sunter Lakeside Hotel Tbk.,Pengembangan
ZYRX,Zyrexindo Mandiri Buana Tbk.,Pengembangan
LFLO,Imago Mulia Persada Tbk.,Akselerasi
TAPG,Triputra Agro Persada Tbk.,Utama
LUCY,Lima Dua Lima Tiga Tbk.,Akselerasi
ADCP,Adhi Commuter Properti Tbk.,Pengembangan
MGLV,Panca Anugrah Wisesa Tbk.,Akselerasi
LABA,Green Power Group Tbk.,Pengembangan
ARCI,Archi Indonesia Tbk.,Pengembangan
IPAC,Era Graharealty Tbk.,Akselerasi
MASB,Bank Multiarta Sentosa Tbk.,Pengembangan
BMHS,Bundamedik Tbk.,Utama
FLMC,Falmaco Nonwoven Industri Tbk.,Akselerasi
NICL,PAM Mineral Tbk.,Pengembangan
UVCR,Trimegah Karya Pratama Tbk.,Pengembangan
BUKA,Bukalapak.com Tbk.,Ekonomi Baru
HAIS,Hasnur Internasional Shipping ,Pengembangan
OILS,Indo Oil Perkasa Tbk.,Pengembangan
GPSO,Geoprima Solusi Tbk.,Pengembangan
MCOL,Prima Andalan Mandiri Tbk.,Utama
RSGK,Kedoya Adyaraya Tbk.,Utama
RUNS,Global Sukses Solusi Tbk.,Akselerasi
SBMA,Surya Biru Murni Acetylene Tbk,Pengembangan
CMNT,Cemindo Gemilang Tbk.,Pengembangan
IDEA,Idea Indonesia Akademi Tbk.,Akselerasi
KUAS,Ace Oldfields Tbk.,Pengembangan
BOBA,Formosa Ingredient Factory Tbk,Pengembangan
MTEL,Dayamitra Telekomunikasi Tbk.,Utama
DEPO,Caturkarda Depo Bangunan Tbk.,Pengembangan
BINO,Perma Plasindo Tbk.,Pengembangan
CMRY,Cisarua Mountain Dairy Tbk.,Utama
WGSH,Wira Global Solusi Tbk.,Akselerasi
TAYS,Jaya Swarasa Agung Tbk.,Pengembangan
RMKE,RMK Energy Tbk.,Utama
OBMD,OBM Drilchem Tbk.,Pengembangan
AVIA,Avia Avian Tbk.,Utama
NASI,Wahana Inti Makmur Tbk.,Pengembangan
BSML,Bintang Samudera Mandiri Lines,Pengembangan
DRMA,Dharma Polimetal Tbk.,Utama
ADMR,Adaro Minerals Indonesia Tbk.,Utama
SEMA,Semacom Integrated Tbk.,Pengembangan
ASLC,Autopedia Sukses Lestari Tbk.,Pengembangan
ENAK,Champ Resto Indonesia Tbk.,Pengembangan
NTBK,Nusatama Berkah Tbk.,Pengembangan
SMKM,Sumber Mas Konstruksi Tbk.,Akselerasi
STAA,Sumber Tani Agung Resources Tb,Utama
NANO,Nanotech Indonesia Global Tbk.,Akselerasi
BIKE,Sepeda Bersama Indonesia Tbk.,Pengembangan
WIRG,WIR ASIA Tbk.,Pengembangan
SICO,Sigma Energy Compressindo Tbk.,Pengembangan
GOTO,GoTo Gojek Tokopedia Tbk.,Ekonomi Baru
TLDN,Teladan Prima Agro Tbk.,Pengembangan
MTMH,Murni Sadar Tbk.,Utama
IBOS,Indo Boga Sukses Tbk.,Akselerasi
OLIV,Oscar Mitra Sukses Sejahtera T,Akselerasi
SWID,Saraswanti Indoland Developmen,Pengembangan
TRGU,Cerestar Indonesia Tbk.,Utama
ARKO,Arkora Hydro Tbk.,Pengembangan
CHEM,Chemstar Indonesia Tbk.,Pengembangan
DEWI,Dewi Shri Farmindo Tbk.,Pengembangan
AXIO,Tera Data Indonusa Tbk.,Utama
KRYA,Bangun Karya Perkasa Jaya Tbk.,Pengembangan
HATM,Habco Trans Maritima Tbk.,Utama
RCCC,Utama Radar Cahaya Tbk.,Akselerasi
GULA,Aman Agrindo Tbk.,Pengembangan
JARR,Jhonlin Agro Raya Tbk.,Utama
AMMS,Agung Menjangan Mas Tbk.,Akselerasi
ELPI,Pelayaran Nasional Ekalya Purn,Utama
EURO,Estee Gold Feet Tbk.,Akselerasi
KLIN,Klinko Karya Imaji Tbk.,Akselerasi
TOOL,Rohartindo Nusantara Luas Tbk.,Pengembangan
BUAH,Segar Kumala Indonesia Tbk.,Pengembangan
CRAB,Toba Surimi Industries Tbk.,Pengembangan
MEDS,Hetzer Medical Indonesia Tbk.,Pengembangan
PRAY,Famon Awal Bros Sedaya Tbk.,Pengembangan
BELI,Global Digital Niaga Tbk.,Ekonomi Baru
MKTR,Menthobi Karyatama Raya Tbk.,Utama
OMED,Jayamas Medica Industri Tbk.,Utama
BSBK,Wulandari Bangun Laksana Tbk.,Utama
PDPP,Primadaya Plastisindo Tbk.,Pengembangan
KDTN,Puri Sentul Permai Tbk.,Pengembangan
NINE,Techno9 Indonesia Tbk.,Akselerasi
MMIX,Multi Medika Internasional Tbk,Pengembangan
ISAP,Isra Presisi Indonesia Tbk.,Akselerasi
VTNY,Venteny Fortuna International ,Utama
SOUL,Mitra Tirta Buwana Tbk.,Akselerasi
ELIT,Data Sinergitama Jaya Tbk.,Pengembangan
BEER,Jobubu Jarum Minahasa Tbk.,Pengembangan
CBPE,Citra Buana Prasida Tbk.,Pengembangan
SUNI,Sunindo Pratama Tbk.,Utama
WINE,Hatten Bali Tbk.,Pengembangan
BMBL,Lavender Bina Cendikia Tbk.,Akselerasi
PEVE,Penta Valent Tbk.,Pengembangan
LAJU,Jasa Berdikari Logistics Tbk.,Pengembangan
FWCT,Wijaya Cahaya Timber Tbk.,Pengembangan
NAYZ,Hassana Boga Sejahtera Tbk.,Akselerasi
PACK,Abadi Nusantara Hijau Investam,Akselerasi
VAST,Vastland Indonesia Tbk.,Pengembangan
CHIP,Pelita Teknologi Global Tbk.,Akselerasi
HALO,Haloni Jane Tbk.,Pengembangan
KING,Hoffmen Cleanindo Tbk.,Akselerasi
PGEO,Pertamina Geothermal Energy Tb,Utama
FUTR,Lini Imaji Kreasi Ekosistem Tb,Pengembangan
HILL,Hillcon Tbk.,Utama
BDKR,Berdikari Pondasi Perkasa Tbk.,Utama
PTMP,Mitra Pack Tbk.,Pengembangan
TRON,Teknologi Karya Digital Nusa T,Pengembangan
CUAN,Petrindo Jaya Kreasi Tbk.,Utama
NSSS,Nusantara Sawit Sejahtera Tbk.,Pengembangan
GTRA,Grahaprima Suksesmandiri Tbk.,Pengembangan
HAJJ,Arsy Buana Travelindo Tbk.,Akselerasi
NCKL,Trimegah Bangun Persada Tbk.,Utama
MENN,Menn Teknologi Indonesia Tbk.,Akselerasi
AWAN,Era Digital Media Tbk.,Pengembangan
MBMA,Merdeka Battery Materials Tbk.,Pengembangan
RAAM,Tripar Multivision Plus Tbk.,Utama
DOOH,Era Media Sejahtera Tbk.,Pengembangan
JATI,Informasi Teknologi Indonesia ,Pengembangan
TYRE,King Tire Indonesia Tbk.,Pengembangan
MPXL,MPX Logistics International Tb,Pengembangan
SMIL,Sarana Mitra Luas Tbk.,Utama
KLAS,Pelayaran Kurnia Lautan Semest,Pengembangan
MAXI,Maxindo Karya Anugerah Tbk.,Pengembangan
VKTR,VKTR Teknologi Mobilitas Tbk.,Pengembangan
RELF,Graha Mitra Asia Tbk.,Akselerasi
AMMN,Amman Mineral Internasional Tb,Utama
CRSN,Carsurin Tbk.,Pengembangan
GRPM,Graha Prima Mentari Tbk.,Akselerasi
WIDI,Widiant Jaya Krenindo Tbk.,Akselerasi
TGUK,Platinum Wahab Nusantara Tbk.,Pengembangan
INET,Sinergi Inti Andalan Prima Tbk,Pengembangan
MAHA,Mandiri Herindo Adiperkasa Tbk,Utama
RMKO,Royaltama Mulia Kontraktorindo,Pengembangan
CNMA,Nusantara Sejahtera Raya Tbk.,Utama
FOLK,Multi Garam Utama Tbk.,Pengembangan
HBAT,Minahasa Membangun Hebat Tbk.,Akselerasi
GRIA,Ingria Pratama Capitalindo Tbk,Pengembangan
PPRI,Paperocks Indonesia Tbk.,Pengembangan
ERAL,Sinar Eka Selaras Tbk.,Utama
CYBR,ITSEC Asia Tbk.,Pengembangan
MUTU,Mutuagung Lestari Tbk.,Pengembangan
LMAX,Lupromax Pelumas Indonesia Tbk,Akselerasi
HUMI,Humpuss Maritim Internasional ,Pengembangan
MSIE,Multisarana Intan Eduka Tbk.,Akselerasi
RSCH,Charlie Hospital Semarang Tbk.,Pengembangan
BABY,Multitrend Indo Tbk.,Pengembangan
IOTF,Sumber Sinergi Makmur Tbk.,Pengembangan
KOCI,Kokoh Exa Nusantara Tbk.,Pengembangan
PTPS,Pulau Subur Tbk.,Pengembangan
BREN,Barito Renewables Energy Tbk.,Utama
STRK,Lovina Beach Brewery Tbk.,Pengembangan
LOPI,Logisticsplus International Tb,Akselerasi
UDNG,Agro Bahari Nusantara Tbk.,Akselerasi
RGAS,Kian Santang Muliatama Tbk.,Pengembangan
MSTI,Mastersystem Infotama Tbk.,Utama
IKPM,Ikapharmindo Putramas Tbk.,Pengembangan
AYAM,Janu Putra Sejahtera Tbk.,Pengembangan
SURI,Maja Agung Latexindo Tbk.,Pengembangan
ASLI,Asri Karya Lestari Tbk.,Pengembangan
CGAS,Citra Nusantara Gemilang Tbk.,Pengembangan
NICE,Adhi Kartiko Pratama Tbk.,Pengembangan
MSJA,Multi Spunindo Jaya Tbk.,Utama
SMLE,Sinergi Multi Lestarindo Tbk.,Pengembangan
ACRO,Samcro Hyosung Adilestari Tbk.,Pengembangan
MANG,Manggung Polahraya Tbk.,Akselerasi
GRPH,Griptha Putra Persada Tbk.,Pengembangan
SMGA,Sumber Mineral Global Abadi Tb,Pengembangan
UNTD,Terang Dunia Internusa Tbk.,Pengembangan
TOSK,Topindo Solusi Komunika Tbk.,Pengembangan
MPIX,Mitra Pedagang Indonesia Tbk.,Pengembangan
ALII,Ancara Logistics Indonesia Tbk,Utama
MKAP,Multikarya Asia Pasifik Raya T,Pengembangan
MEJA,Harta Djaya Karya Tbk.,Akselerasi
LIVE,Homeco Victoria Makmur Tbk.,Pengembangan
HYGN,Ecocare Indo Pasifik Tbk.,Pengembangan
BAIK,Bersama Mencapai Puncak Tbk.,Pengembangan
VISI,Satu Visi Putra Tbk.,Pengembangan
AREA,Dunia Virtual Online Tbk.,Pengembangan
MHKI,Multi Hanna Kreasindo Tbk.,Pengembangan
ATLA,Atlantis Subsea Indonesia Tbk.,Pengembangan
DATA,Remala Abadi Tbk.,Pengembangan
SOLA,Xolare RCR Energy Tbk.,Pengembangan
BATR,Benteng Api Technic Tbk.,Pengembangan
SPRE,Soraya Berjaya Indonesia Tbk.,Akselerasi
PART,Cipta Perdana Lancar Tbk.,Pengembangan
GOLF,Intra Golflink Resorts Tbk.,Utama
ISEA,Indo American Seafoods Tbk.,Pengembangan
BLES,Superior Prima Sukses Tbk.,Utama
GUNA,Gunanusa Eramandiri Tbk.,Pengembangan
LABS,UBC Medical Indonesia Tbk.,Pengembangan
DOSS,Global Sukses Digital Tbk.,Pengembangan
NEST,Esta Indonesia Tbk.,Pengembangan
PTMR,Master Print Tbk.,Pengembangan
VERN,Verona Indah Pictures Tbk.,Pengembangan
DAAZ,Daaz Bara Lestari Tbk.,Utama
BOAT,Newport Marine Services Tbk.,Pengembangan
NAIK,Adiwarna Anugerah Abadi Tbk.,Pengembangan
AADI,Adaro Andalan Indonesia Tbk.,Utama
MDIY,Daya Intiguna Yasa Tbk.,Utama
KSIX,Kentanix Supra International T,Utama
RATU,Raharja Energi Cepu Tbk.,Pengembangan
YOII,Asuransi Digital Bersama Tbk.,Pengembangan
HGII,Hero Global Investment Tbk.,Pengembangan
BRRC,Raja Roti Cemerlang Tbk.,Pengembangan
DGWG,Delta Giri Wacana Tbk.,Utama
CBDK,Bangun Kosambi Sukses Tbk.,Utama
OBAT,Brigit Biofarmaka Teknologi Tb,Pengembangan
DIVA,Distribusi Voucher Nusantara T,Pengembangan
LUCK,Sentral Mitra Informatika Tbk.,Pengembangan
URBN,Urban Jakarta Propertindo Tbk.,Pengembangan
SOTS,Satria Mega Kencana Tbk.,Pengembangan
AMAN,Makmur Berkah Amanda Tbk.,Pengembangan
CARE,Metro Healthcare Indonesia Tbk,Pengembangan
SAMF,Saraswanti Anugerah Makmur Tbk,Utama
RONY,Aesler Grup Internasional Tbk.,Pengembangan
